epoch,training_loss,val_loss
0,1.4283057791846139,1.1765454292297364
1,1.0389339923858643,0.8810963749885559
