epoch,training_loss,val_loss
0,1.4284243753978185,1.1791816830635071
1,1.0425454889025008,0.8882159173488617
