epoch,training_loss,validation_loss
0,0.13631293496915273,0.14512133598327637
