epoch,training_loss,validation_loss
0,0.45633955926380376,0.2647068649530411
1,0.22169402938384514,0.17598487484839656
2,0.16456937675013558,0.1466749154271618
3,0.14751891496700126,0.1387383709511449
4,0.14193763744763352,0.1355657495798603
