epoch,training_loss,validation_loss
0,0.07387013839157872,0.07671262876641366
1,0.0733371382985157,0.0754882556296164
2,0.07295674020047598,0.0752379905672804
3,0.07255528269733101,0.07525636153596063
4,0.07225861269953424,0.07494202700834121
5,0.0721833648512165,0.0744260121737757
6,0.07196681254010423,0.07481067116943098
7,0.07177098280319291,0.07473316908844056
