epoch,training_combined_loss,training_colorization_loss,training_style_loss,validation_combined_loss,validation_colorization_loss,validation_style_loss
0,0.0,1.5103368957837422,3.623901344932771e-05,1.1017835140228271,1.5739456415176392,7.209370232885703e-05
1,0.0,1.1493433515230815,7.321133004249229e-05,,,
2,0.0,0.9164025187492371,0.0001163420553590792,,,
3,0.0,0.7487657268842062,0.000344172566353033,0.7148170471191406,1.020972490310669,0.00045444039278663695
4,0.0,0.6580209334691366,0.00018445047286756258,,,
5,0.0,0.5866049925486246,2.2398993072177595e-06,,,
6,0.0,0.5363070170084635,1.3657797429308023e-06,0.6777049899101257,0.9681496620178223,8.655080137032201e-07
