epoch,training_combined_loss,training_colorization_loss,training_style_loss,validation_combined_loss,validation_colorization_loss,validation_style_loss
0,0.0,1.4953232606252034,3.114877112390483e-06,0.8762266039848328,1.2517518997192383,1.002668227556569e-06
1,0.0,1.098456879456838,1.276681729223128e-06,,,
2,0.0,0.8695788284142812,2.848179529261567e-07,,,
3,0.0,0.7071646948655447,1.7767315322695745e-07,,,
4,0.0,0.6073128283023834,7.766856195227471e-08,,,
5,0.0,0.5488174657026926,4.9973020684509116e-08,0.40824568271636963,0.5832081437110901,4.9627363551962844e-08
